Auteur,Pseudo_Text_Sample,Mean_Distance_to_Asterius,Min_Distance
tlg2062,133_sample_1,0.9280235220988592,0.6040642261505127
tlg2062,276_sample_1,0.9393695046504339,0.7006574273109436
tlg2062,489_sample_1,0.9841801101962725,0.6710453033447266
tlg2062,290_sample_1,0.9856519227226576,0.7160251140594482
PC3,InDecemVirgines_sample_1,0.9894079069296519,0.7264581918716431
tlg2062,234_sample_1,0.9894079069296519,0.7264581918716431
PC7,DeIeiunoSermo3_sample_1,0.9968778640031815,0.6844379901885986
PC7,DeIeiunoSermo2_sample_2,1.000053495168686,0.7415749430656433
PC21,InJobSermones3_sample_2,1.0020790919661522,0.6706134080886841
tlg2062,273_sample_3,1.0024576659003894,0.731789231300354
PC5,InSanctaVirginem_sample_1,1.0034462437033653,0.7388404011726379
tlg2062,491_sample_1,1.018936648964882,0.6748701333999634
tlg2062,229_sample_1,1.0201711505651474,0.6574920415878296
tlg2062,207_sample_17,1.0250629633665085,0.7267558574676514
tlg2062,216_sample_5,1.0318211217721303,0.6703872680664062
tlg2062,237_sample_4,1.0361103489995003,0.7863441109657288
tlg2062,273_sample_1,1.0440233076612155,0.7071073651313782
tlg2062,226_sample_1,1.046728792289893,0.773696780204773
tlg2062,413_sample_1,1.0469010223944981,0.7689014673233032
tlg2062,492_sample_1,1.048902412255605,0.6107041239738464
tlg2062,359_sample_3,1.0540602107842763,0.7185128927230835
PC16,InIlludSiQuaChristoaNovaCreatura_sample_3,1.0540602107842763,0.7185128927230835
tlg2062,277_sample_1,1.0541935041546822,0.6889903545379639
PC15,InIlludHominisCuiusdam_sample_1,1.0567423353592555,0.6826869249343872
tlg2062,199_sample_1,1.0569165175159771,0.6457738280296326
PC16,InPsalmum50Homilia1_sample_1,1.0569165175159771,0.6457738280296326
tlg2062,310_sample_1,1.057701011498769,0.7170467972755432
tlg2062,203_sample_1,1.0588084161281586,0.7257421016693115
tlg2062,493_sample_1,1.0641174142559369,0.6239421963691711
tlg2062,233_sample_1,1.0643488466739655,0.6697944402694702
PC3,InIlludCollegerunt_sample_1,1.0643488466739655,0.6697944402694702
tlg2062,240_sample_1,1.0660765493909519,0.7820665240287781
tlg2062,274_sample_2,1.0705629313985507,0.7222451567649841
PC8,DePatientiaSermo1_sample_2,1.0705629313985507,0.7222451567649841
tlg2062,285_sample_1,1.074462706844012,0.8421966433525085
PC20,DePaenitentia_sample_1,1.074462706844012,0.8421966433525085
tlg2062,200_sample_2,1.0899750242630641,0.6939906477928162
PC16,InPsalmum50Homilia2_sample_2,1.0899750242630641,0.6939906477928162
tlg2062,245_sample_1,1.0917574241757393,0.8020185828208923
tlg2062,257_sample_1,1.0957871799667676,0.7756921648979187
PC5,ContraHereticos_sample_1,1.0957871799667676,0.7756921648979187
PC16,InIlludSiQuaChristoaNovaCreatura_sample_4,1.096259872118632,0.8526879549026489
tlg2062,359_sample_4,1.096259872118632,0.8526879549026489
tlg2062,338_sample_59,1.1045052632689476,0.7464733123779297
tlg2062,213_sample_17,1.1192411283651988,0.8343361616134644
tlg2062,303_sample_3,1.1260343715548515,0.6652848720550537
PC20b,InIlludSimileEstRegnumCaelorumGranoSinapis_sample_1,1.1324218213558197,0.8811949491500854
tlg2062,358_sample_1,1.1324218213558197,0.8811949491500854
tlg2062,308_sample_1,1.1339796259999275,0.8524173498153687
PC9,InIlludPatterSiPossibile_sample_1,1.1339796259999275,0.8524173498153687
tlg2062,217_sample_3,1.1346291775504749,0.7960017323493958
tlg2062,316_sample_1,1.1414833962917328,0.7847646474838257
tlg2062,118_sample_1,1.1456148127714794,0.7263023853302002
tlg2062,206_sample_6,1.1479178393880527,0.680097222328186
tlg2062,363_sample_1,1.1506810535987217,0.7945887446403503
PC12,SermoInPsalmum11_sample_1,1.1524701366821926,0.8289657235145569
tlg2062,206_sample_3,1.155833085378011,0.8244172930717468
tlg2062,274_sample_1,1.157002719740073,0.8992192149162292
PC8,DePatientiaSermo1_sample_1,1.157002719740073,0.8992192149162292
tlg2062,338_sample_153,1.158088505268097,0.5375947952270508
tlg2062,364_sample_1,1.1596947213013966,0.7443013191223145
PC16,InPsalmum50Homilia1_sample_2,1.1652065142989159,0.8118758797645569
tlg2062,199_sample_2,1.1652065142989159,0.8118758797645569
tlg2062,359_sample_1,1.1659005930026372,0.6165512800216675
PC16,InIlludSiQuaChristoaNovaCreatura_sample_1,1.1659005930026372,0.6165512800216675
tlg2062,303_sample_2,1.1667418479919434,0.7274280786514282
tlg2062,338_sample_68,1.1749838913480442,0.7044011950492859
tlg2062,206_sample_10,1.1765224610765774,0.8090919256210327
tlg2062,216_sample_4,1.1780061970154445,0.7653148770332336
tlg2062,268_sample_3,1.1792455241084099,0.8141799569129944
tlg2062,124_sample_1,1.1794248248140018,0.5614333748817444
tlg2062,216_sample_1,1.18264739215374,0.8337929248809814
PC18,InIlludSimileEstRegnumCaelorumPatriFamilias_sample_1,1.1864149396618207,0.852671205997467
tlg2062,241_sample_1,1.1864149396618207,0.852671205997467
tlg2062,122_sample_1,1.1904696250955265,0.6608113646507263
PC13,ContraIudaeosGentilesHaereticos_sample_1,1.1904696250955265,0.6608113646507263
tlg2062,423_sample_1,1.1921663880348206,0.8264684081077576
tlg2062,290_sample_2,1.192935052017371,0.8622675538063049
tlg2062,360_sample_1,1.194067840774854,0.8644002676010132
tlg2062,207_sample_14,1.199567660689354,0.7531862258911133
tlg2062,128_sample_1,1.20049948990345,0.6486110687255859
tlg2062,417_sample_1,1.2035493403673172,0.9180403351783752
tlg2062,209_sample_1,1.2037649775544803,0.8267232179641724
tlg2062,207_sample_1,1.2038448676466942,0.696889340877533
tlg2062,134_sample_1,1.205811766286691,0.8641349673271179
tlg2062,321_sample_1,1.207496536274751,0.804608166217804
tlg2062,338_sample_83,1.2075952167312305,0.6503052115440369
PC16,InIlludSiQuaChristoaNovaCreatura_sample_2,1.2089665780464809,0.7929715514183044
tlg2062,359_sample_2,1.2089665780464809,0.7929715514183044
PC21,InJobSermones2_sample_1,1.21046428134044,0.6040222644805908
tlg2062,206_sample_7,1.2120299711823463,0.8422269225120544
tlg2062,338_sample_70,1.2123099093635876,0.8202828764915466
tlg2062,356_sample_1,1.213213990132014,0.7215860486030579
PC16,InPsalmum50Homilia1_sample_4,1.2166424915194511,0.8340436816215515
tlg2062,199_sample_4,1.2166424915194511,0.8340436816215515
tlg2062,304_sample_1,1.2173307513197262,0.7820106744766235
tlg2062,230_sample_3,1.2182517250378926,0.7107419371604919
PC16,InIlludSufficitTibiGratiaMea_sample_3,1.2182517250378926,0.7107419371604919
PC16,InPsalmum50Homilia2_sample_3,1.2185273319482803,0.6333290934562683
tlg2062,200_sample_3,1.2185273319482803,0.6333290934562683
tlg2062,425_sample_1,1.2235037510593731,0.7388198971748352
tlg2062,338_sample_64,1.223743033905824,0.6999480724334717
tlg2062,213_sample_16,1.223874216278394,0.8217541575431824
tlg2062,303_sample_1,1.2252656668424606,0.7897241711616516
tlg2062,230_sample_2,1.22818856438001,0.8479217886924744
PC16,InIlludSufficitTibiGratiaMea_sample_2,1.22818856438001,0.8479217886924744
tlg2062,206_sample_17,1.2325721432765324,0.7541146278381348
tlg2062,141_sample_1,1.2415002783139546,0.7802515625953674
tlg2062,136_sample_1,1.2416348805030186,0.7246980667114258
tlg2062,207_sample_6,1.2429820870359738,0.7673984169960022
tlg2062,269_sample_9,1.2430490652720134,0.8514076471328735
PC6,DePoenintentiaSermo1_sample_9,1.2430490652720134,0.8514076471328735
tlg2062,271_sample_1,1.2451276804010074,0.9735057950019836
PC6,DePoenintentiaSermo3_sample_1,1.2451276804010074,0.9735057950019836
tlg2062,252_sample_1,1.2459954520066578,0.8566784262657166
PC12,InSecundamFeriam1_sample_2,1.2469300205508869,0.8436777591705322
tlg2062,110_sample_1,1.2505325774351757,0.8417301774024963
tlg2062,132_sample_1,1.2529338051875432,0.8397872447967529
tlg2062,127_sample_3,1.2529369567831357,0.7585504055023193
tlg2062,278_sample_1,1.2550056303540866,0.7874125838279724
tlg2062,237_sample_2,1.2552368094523747,0.8258447647094727
PC6,DePoenintentiaSermo1_sample_6,1.2610498815774918,0.7964010238647461
tlg2062,269_sample_6,1.2610498815774918,0.7964010238647461
PC12,InSecundamFeriam1_sample_1,1.2618445580204327,0.7110914587974548
tlg2062,213_sample_23,1.2632851575811703,0.7587331533432007
PC21,InJobSermones3_sample_1,1.2641511658827465,0.664909303188324
tlg2062,216_sample_3,1.2641754746437073,0.7627147436141968
tlg2062,338_sample_5,1.2647469813625019,0.6095373034477234
tlg2062,362_sample_1,1.2671746859947841,0.9487257599830627
tlg2062,269_sample_3,1.2704374839862187,0.851978600025177
PC6,DePoenintentiaSermo1_sample_3,1.2704374839862187,0.851978600025177
PC6,DePoenintentiaSermo1_sample_2,1.272757110496362,0.8608807325363159
tlg2062,269_sample_2,1.272757110496362,0.8608807325363159
tlg2062,333_sample_1,1.2731314947207768,0.7320343852043152
tlg2062,338_sample_139,1.2735867549975712,0.8768659830093384
tlg2062,135_sample_1,1.2748220016558964,0.5936176180839539
tlg2062,452_sample_1,1.2764961744348209,0.6786200404167175
PC13,DeEpiphania_sample_1,1.2764961744348209,0.6786200404167175
PC13,InVenerabilemCrucem_sample_1,1.2769226183493931,0.8991925716400146
tlg2062,139_sample_1,1.2769226183493931,0.8991925716400146
PsAsterius,Enkomium_sample_1,1.2786389912168186,0.8968587517738342
tlg2062,241_sample_3,1.2814791798591614,0.703330934047699
PC18,InIlludSimileEstRegnumCaelorumPatriFamilias_sample_3,1.2814791798591614,0.703330934047699
tlg2062,328_sample_1,1.2814822768171628,0.784557580947876
tlg2062,338_sample_123,1.2823601762453716,0.7249885201454163
tlg2062,338_sample_85,1.2848813931147258,0.8817119002342224
tlg2062,217_sample_2,1.2866959994037945,0.8433417081832886
tlg2062,248_sample_1,1.291448290149371,0.9072607755661011
tlg2062,314_sample_1,1.2943142528335254,0.842903196811676
PC9,InIlludExiitQuiSeminat_sample_1,1.2943142528335254,0.842903196811676
tlg2062,334_sample_1,1.2946646536389987,0.8967848420143127
tlg2062,207_sample_15,1.2950490439931552,0.9300077557563782
tlg2062,338_sample_14,1.2956223090489705,0.8531119227409363
tlg2062,207_sample_11,1.2986278409759204,0.8680275082588196
tlg2062,228_sample_1,1.2994174311558406,0.8158548474311829
tlg2062,208_sample_1,1.3004289269447327,1.0173014402389526
tlg2062,119_sample_1,1.302036849160989,0.635729968547821
tlg2062,360_sample_2,1.3068377648790677,0.9159688949584961
tlg2062,294_sample_1,1.3072201659282048,0.821187436580658
tlg2062,209_sample_13,1.3124020795027416,0.7453683614730835
PC6,DePoenintentiaSermo2_sample_1,1.3131516004602115,0.9058112502098083
tlg2062,270_sample_1,1.3131516004602115,0.9058112502098083
tlg2062,213_sample_11,1.3133918195962906,0.902333676815033
tlg2062,429_sample_1,1.3147552808125813,1.03500235080719
tlg2062,206_sample_22,1.3148764645059903,0.7407814860343933
tlg2062,200_sample_6,1.3178562223911285,0.85434889793396
PC16,InPsalmum50Homilia2_sample_6,1.3178562223911285,0.85434889793396
tlg2062,268_sample_2,1.3194352636734645,0.7593538165092468
tlg2062,127_sample_2,1.3208973954121273,0.694891095161438
tlg2062,213_sample_4,1.32284880677859,0.9195728898048401
tlg2062,213_sample_18,1.3235273684064548,0.9470415711402893
tlg2062,338_sample_18,1.3286161174376805,0.5621432065963745
tlg2062,338_sample_73,1.3287499050299327,0.6402091979980469
tlg2062,348_sample_1,1.3293625538547833,0.8502954244613647
tlg2062,338_sample_147,1.333658975859483,0.7838484644889832
tlg2062,325_sample_1,1.3379026477535565,0.9801201224327087
tlg2062,207_sample_7,1.338764600455761,0.7631295323371887
tlg2062,269_sample_7,1.3409758259852727,0.653979480266571
PC6,DePoenintentiaSermo1_sample_7,1.3409758259852727,0.653979480266571
tlg2062,196_sample_1,1.3423450862367947,0.7353584170341492
tlg2062,502_sample_1,1.344162332514922,0.7466021776199341
tlg2062,338_sample_141,1.3454868296782176,0.8594684600830078
tlg2062,235_sample_2,1.3456264734268188,0.758722722530365
tlg2062,229_sample_2,1.3484650949637096,0.8896268010139465
tlg2062,438_sample_1,1.3493317315975826,0.8436321020126343
tlg2062,291_sample_1,1.3526776855190594,0.8408044576644897
PC20b,InRachelemEtInInfantes_sample_1,1.3526776855190594,0.8408044576644897
tlg2062,305_sample_1,1.3532828291257222,0.784909188747406
PC20b,InIlludAscenditDominusInTemplo_sample_1,1.3532828291257222,0.784909188747406
tlg2062,338_sample_42,1.3541627526283264,0.7456128001213074
tlg2062,293_sample_1,1.35621877014637,0.9227210879325867
tlg2062,366_sample_1,1.3562987844149272,0.9013634920120239
tlg2062,317_sample_1,1.3592965627710025,0.7547585964202881
PC7,DeIeiunoSermo4_sample_1,1.3630582839250565,1.0048928260803223
tlg2062,321_sample_2,1.365248665213585,0.8538839221000671
tlg2062,219_sample_1,1.3690295318762462,1.0013877153396606
tlg2062,199_sample_3,1.3691199272871017,0.8449490666389465
PC16,InPsalmum50Homilia1_sample_3,1.3691199272871017,0.8449490666389465
tlg2062,338_sample_10,1.3741095860799153,1.0100454092025757
tlg2062,338_sample_8,1.3772104779879253,0.8745189905166626
tlg2062,338_sample_1,1.3797374467055004,0.7651689052581787
tlg2062,207_sample_4,1.3817463244001071,0.8093586564064026
tlg2062,338_sample_79,1.38201937576135,0.6740455627441406
tlg2062,213_sample_20,1.3831676170229912,0.8580924272537231
tlg2062,206_sample_20,1.3834586540857952,0.7980988025665283
tlg2062,292_sample_1,1.3840741142630577,0.7355322241783142
tlg2062,315_sample_1,1.386853774388631,1.0947887897491455
PC20b,InDrachmamEttInIlludHomoQuidamHabebatDuosFilios_sample_1,1.386853774388631,1.0947887897491455
tlg2062,338_sample_137,1.3884908134738605,0.7445436716079712
tlg2062,212_sample_1,1.3892584790786107,0.848958432674408
tlg2062,207_sample_19,1.3896734789013863,0.8501234650611877
PC16,InPsalmum50Homilia2_sample_4,1.3938650613029797,0.7991967797279358
tlg2062,200_sample_4,1.3938650613029797,0.7991967797279358
tlg2062,415_sample_1,1.3963364114363988,0.7366363406181335
tlg2062,338_sample_13,1.3966811870535214,0.840097188949585
tlg2062,247_sample_1,1.3970120723048847,0.8792112469673157
PC7,DeIeiunoSermo1_sample_1,1.4023833895723026,0.8427781462669373
tlg2062,210_sample_1,1.4038825606306393,0.8689042329788208
tlg2062,213_sample_19,1.406524750093619,0.9960450530052185
tlg2062,213_sample_14,1.4077859123547871,0.9563189744949341
tlg2062,209_sample_9,1.4104068006078403,0.6868776679039001
tlg2062,338_sample_32,1.4122373362382252,0.8500524759292603
PC7,DeIeiunoSermo3_sample_2,1.4122496495644252,1.0382099151611328
tlg2062,131_sample_1,1.4128692224621773,0.8686802983283997
tlg2062,213_sample_3,1.4146670550107956,1.029505968093872
tlg2062,338_sample_72,1.4175372769435246,0.7754524350166321
tlg2062,127_sample_1,1.4200676729281743,1.0422848463058472
tlg2062,365_sample_1,1.4227422575155895,0.973772406578064
tlg2062,253_sample_1,1.4244906082749367,0.7466183304786682
tlg2062,338_sample_109,1.4247013827164967,0.874179482460022
tlg2062,338_sample_27,1.4272034888466198,0.9406253695487976
PsAsterius,Enkomium_sample_2,1.4338520566622417,0.8453505039215088
tlg2062,123_sample_1,1.4345896989107132,0.8939442038536072
tlg2062,338_sample_20,1.4364804575840633,0.9029715657234192
tlg2062,103_sample_1,1.4376829688747723,0.881780207157135
tlg2062,338_sample_89,1.4378946522871654,1.0731210708618164
tlg2062,338_sample_124,1.4391848519444466,0.8931626081466675
tlg2062,322_sample_1,1.4412770594159763,0.6754908561706543
tlg2062,338_sample_40,1.4425380552808444,0.8182821869850159
tlg2062,241_sample_2,1.442656435072422,0.9180466532707214
PC18,InIlludSimileEstRegnumCaelorumPatriFamilias_sample_2,1.442656435072422,0.9180466532707214
tlg2062,128_sample_2,1.4464071144660313,0.875741183757782
tlg2062,231_sample_1,1.447154849767685,0.7324187755584717
PC18,InParabolamDeFilioProdigo_sample_1,1.447154849767685,0.7324187755584717
tlg2062,273_sample_4,1.4478794982035954,0.9988136291503906
tlg2062,206_sample_15,1.4512766748666763,1.0036678314208984
tlg2062,209_sample_15,1.452586072186629,0.9217991232872009
tlg2062,206_sample_21,1.4533955504496892,0.8238991498947144
tlg2062,338_sample_49,1.4581391587853432,0.8102617263793945
tlg2062,338_sample_92,1.4605457931756973,0.8659093976020813
tlg2062,338_sample_140,1.4634068757295609,0.9573848247528076
PC7,DeIeiunoSermo2_sample_3,1.4643075267473857,0.9717832803726196
tlg2062,206_sample_11,1.4706033666928608,0.8525561094284058
tlg2062,297_sample_1,1.470638709763686,0.736401379108429
tlg2062,216_sample_2,1.4726930459340413,0.9166417121887207
PC4,InPaschaSermones6_sample_1,1.4728769113620122,1.0378656387329102
tlg2062,265_sample_1,1.4728769113620122,1.0378656387329102
tlg2062,301_sample_1,1.474239910642306,0.8879045844078064
tlg2062,209_sample_12,1.4819196462631226,0.9092947244644165
tlg2062,338_sample_136,1.4824031268556912,0.7676801085472107
tlg2062,338_sample_96,1.4826973130305607,0.9520150423049927
tlg2062,273_sample_2,1.4831900919477146,0.8830973505973816
tlg2062,330_sample_1,1.4837153454621632,0.793400228023529
tlg2062,338_sample_26,1.4852342158555984,0.9228929281234741
tlg2062,338_sample_105,1.4895864923795064,0.8063355088233948
tlg2062,338_sample_37,1.4919982701539993,0.7109052538871765
tlg2062,338_sample_22,1.5015707140167553,0.5903570652008057
tlg2062,414_sample_1,1.5015814552704494,1.0165090560913086
tlg2062,216_sample_6,1.50225131213665,1.0151246786117554
tlg2062,338_sample_63,1.5027085493008296,0.8878312110900879
PC20,DeTurtureSeuDeEcclesiaSermo_sample_1,1.5070907796422641,0.9941940903663635
tlg2062,202_sample_1,1.5070907796422641,0.9941940903663635
tlg2062,206_sample_19,1.5084649100899696,0.7925835251808167
tlg2062,338_sample_16,1.509535585840543,0.7639362215995789
tlg2062,326_sample_1,1.509948084751765,1.0420255661010742
tlg2062,205_sample_1,1.5154857610662777,0.9736369252204895
tlg2062,141_sample_2,1.515700340270996,0.7586345076560974
tlg2062,338_sample_48,1.5163689802090328,0.9736382961273193
tlg2062,338_sample_111,1.517627738416195,0.7049662470817566
tlg2062,213_sample_13,1.5198064297437668,1.1044408082962036
tlg2062,258_sample_1,1.5217206627130508,0.9437150955200195
tlg2062,338_sample_80,1.5232349609335263,0.9660080075263977
tlg2062,338_sample_108,1.5240232273936272,0.7786890864372253
tlg2062,268_sample_4,1.525577907760938,0.7542848587036133
tlg2062,338_sample_143,1.5265529950459797,0.98555588722229
tlg2062,338_sample_11,1.5268204013506572,0.8391456007957458
tlg2062,338_sample_46,1.529266580939293,0.8567360639572144
tlg2062,338_sample_82,1.5343081677953403,0.7479226589202881
tlg2062,107_sample_1,1.5372678687175114,1.129894733428955
tlg2062,282_sample_1,1.5387265781561534,1.0790640115737915
tlg2062,338_sample_130,1.5389710913101833,0.7728011608123779
tlg2062,137_sample_1,1.5392973273992538,1.0342247486114502
PC7,DeIeiunoSermo2_sample_1,1.5394432296355565,0.9318788647651672
tlg2062,207_sample_18,1.5400320813059807,0.8764672875404358
PC6,DePoenintentiaSermo1_sample_4,1.5412272959947586,0.8056151270866394
tlg2062,269_sample_4,1.5412272959947586,0.8056151270866394
tlg2062,206_sample_14,1.5505233878890674,0.6624193787574768
tlg2062,338_sample_129,1.552092430492242,0.846831202507019
tlg2062,213_sample_26,1.5523109212517738,0.9442507028579712
tlg2062,338_sample_19,1.553670513133208,0.9272733330726624
tlg2062,207_sample_9,1.5548662468791008,0.7929733395576477
PC7,DeIeiunoSermo7_sample_1,1.5570313508311908,0.9780101180076599
tlg2062,420_sample_1,1.5588091214497883,1.0351396799087524
tlg2062,338_sample_119,1.5618417486548424,0.8814935088157654
tlg2062,201_sample_1,1.5620357145865758,1.1820420026779175
PC16,InPsalmum50Homilia2_sample_5,1.5669340764482815,0.9932219386100769
tlg2062,200_sample_5,1.5669340764482815,0.9932219386100769
tlg2062,338_sample_30,1.568482056260109,0.7612358331680298
tlg2062,140_sample_1,1.569348620871703,0.8748059868812561
tlg2062,338_sample_17,1.5716595600048702,0.7535952925682068
tlg2062,200_sample_1,1.576043851673603,0.9896203875541687
PC16,InPsalmum50Homilia2_sample_1,1.576043851673603,0.9896203875541687
tlg2062,338_sample_74,1.578982690970103,0.8498517274856567
tlg2062,209_sample_4,1.5809849947690964,0.7821555137634277
tlg2062,495_sample_5,1.5816587408383687,1.1496423482894897
tlg2062,338_sample_120,1.5828612198432286,0.9873018264770508
tlg2062,338_sample_62,1.583824336528778,0.8821566700935364
PC16,InIlludSufficitTibiGratiaMea_sample_1,1.5840140854318936,0.7640094757080078
tlg2062,230_sample_1,1.5840140854318936,0.7640094757080078
tlg2062,235_sample_3,1.586619310081005,0.8750331401824951
tlg2062,432_sample_4,1.5872958277662594,0.913507878780365
tlg2062,338_sample_95,1.5932975262403488,0.7035738229751587
tlg2062,268_sample_1,1.5942475150028865,1.1073462963104248
tlg2062,338_sample_55,1.5948190639416377,1.0671277046203613
tlg2062,338_sample_86,1.595711703101794,1.0845497846603394
tlg2062,338_sample_44,1.608081412812074,0.866226077079773
tlg2062,198_sample_1,1.6093548933664958,1.081315517425537
tlg2062,347_sample_1,1.6094701066613197,0.8214088082313538
tlg2062,209_sample_14,1.6107496445377667,0.8955304622650146
tlg2062,217_sample_5,1.6139743328094482,1.0891895294189453
tlg2062,309_sample_1,1.6150822738806407,1.1236896514892578
tlg2062,338_sample_6,1.6195600529511769,0.848520815372467
tlg2062,269_sample_1,1.623100568850835,1.055504322052002
PC6,DePoenintentiaSermo1_sample_1,1.623100568850835,1.055504322052002
tlg2062,213_sample_15,1.6250483493010204,1.1034655570983887
tlg2062,331_sample_1,1.6259660124778748,1.0176283121109009
tlg2062,338_sample_71,1.6269711603720982,1.0043280124664307
tlg2062,209_sample_17,1.627769152323405,0.9846025705337524
tlg2062,206_sample_18,1.6301947012543678,0.9963547587394714
tlg2062,211_sample_3,1.6339404756824176,0.8703703284263611
tlg2062,335_sample_1,1.6345202674468358,0.902512788772583
tlg2062,121_sample_1,1.63667331635952,1.0034065246582031
tlg2062,338_sample_3,1.6394833947221439,0.9429029822349548
tlg2062,213_sample_2,1.6402600606282551,0.9270803928375244
PC20b,QuodMariSimilisSitHaecVita_sample_1,1.6406131436427434,1.1831550598144531
tlg2062,357_sample_1,1.6406131436427434,1.1831550598144531
PC20b,DeRemissionePeccatorum_sample_1,1.640734386940797,0.889796793460846
tlg2062,283_sample_1,1.640734386940797,0.889796793460846
tlg2062,338_sample_15,1.6417542497316997,0.884036660194397
tlg2062,243_sample_1,1.645079677303632,1.0010465383529663
PC15,DePharisaeo_sample_1,1.645079677303632,1.0010465383529663
tlg2062,338_sample_131,1.6482452899217606,0.892142653465271
tlg2062,338_sample_34,1.6484352002541225,1.147129774093628
PC1,InGenesimSermones1_sample_1,1.6488424340883892,0.9119514226913452
tlg2062,338_sample_117,1.6490432148178418,0.9007156491279602
PC8,DePatientiaSermo2_sample_1,1.6494244088729222,1.1690634489059448
tlg2062,275_sample_1,1.6494244088729222,1.1690634489059448
tlg2062,281_sample_1,1.6517820010582607,0.9631367921829224
tlg2062,235_sample_1,1.653098297615846,0.783073365688324
tlg2062,338_sample_51,1.6547541668017705,1.037920355796814
tlg2062,211_sample_2,1.6548297628760338,0.9167128205299377
tlg2062,207_sample_3,1.655053419371446,0.9862728714942932
tlg2062,209_sample_19,1.6575526942809422,1.011514663696289
tlg2062,430_sample_1,1.6583635608355205,1.1368364095687866
tlg2062,338_sample_127,1.6590027113755543,0.9556019306182861
PC10,DePrecatione2_sample_1,1.6591118400295575,0.8598002791404724
tlg2062,338_sample_28,1.6597943554321926,1.0610774755477905
tlg2062,495_sample_3,1.6602566341559093,1.1268082857131958
tlg2062,290_sample_4,1.6617306272188823,1.1980035305023193
tlg2062,211_sample_1,1.6648745834827423,0.9702997207641602
tlg2062,213_sample_7,1.6757897014419239,0.7989588379859924
tlg2062,338_sample_53,1.676071008046468,0.9963806867599487
tlg2062,130_sample_3,1.6769650354981422,0.8766806721687317
tlg2062,266_sample_2,1.6778616234660149,0.8510763049125671
PC4,InPaschaSermones7_sample_2,1.6778616234660149,0.8510763049125671
tlg2062,213_sample_21,1.6789926340182622,1.030762791633606
tlg2062,182_sample_1,1.6820950110753377,1.1397771835327148
tlg2062,338_sample_135,1.682182138164838,1.0810924768447876
tlg2062,318_sample_1,1.6847265015045803,0.8802381157875061
tlg2062,442_sample_2,1.6851486563682556,1.1379773616790771
tlg2062,237_sample_3,1.6899985025326412,1.2443835735321045
PC4,InPaschaSermones2_sample_1,1.6933005054791768,1.0780314207077026
tlg2062,261_sample_1,1.6933005054791768,1.0780314207077026
PC1,InGenesimSermones2_sample_1,1.694625770052274,0.9135994911193848
tlg2062,207_sample_8,1.6949503719806671,1.1712791919708252
tlg2062,213_sample_27,1.6974939505259197,1.0510990619659424
tlg2062,332_sample_1,1.6993527486920357,0.9874913096427917
tlg2062,338_sample_84,1.7044650961955388,1.0973989963531494
tlg2062,206_sample_16,1.709392103056113,0.9186919927597046
tlg2062,338_sample_43,1.7115008259812992,0.9382907748222351
tlg2062,204_sample_1,1.713139812151591,1.1802810430526733
tlg2062,232_sample_1,1.7177896698315938,1.0748623609542847
tlg2062,338_sample_106,1.7210669815540314,1.2104419469833374
PC7,DeIeiunoSermo5_sample_1,1.7213232467571895,0.8651055097579956
tlg2062,338_sample_56,1.7241363326708476,0.9143435955047607
tlg2062,338_sample_104,1.7245786488056183,1.0777302980422974
tlg2062,437_sample_1,1.72640560567379,1.194941759109497
tlg2062,249_sample_1,1.7300504098335903,1.1409838199615479
tlg2062,206_sample_9,1.7306300004323323,0.9591490030288696
tlg2062,432_sample_5,1.735798254609108,0.8932490348815918
tlg2062,352_sample_1,1.7368329266707103,1.2394452095031738
tlg2062,338_sample_7,1.7406606773535411,1.145531415939331
tlg2062,209_sample_18,1.7438721805810928,0.982048511505127
tlg2062,495_sample_2,1.743999605377515,1.3249337673187256
tlg2062,338_sample_100,1.7484513372182846,0.9750374555587769
tlg2062,207_sample_5,1.7552002122004826,1.0126724243164062
tlg2062,326_sample_2,1.7580139537652333,1.300042748451233
tlg2062,338_sample_50,1.7596016849080722,0.9061213731765747
tlg2062,495_sample_4,1.7596774647633235,1.2316763401031494
tlg2062,338_sample_148,1.760963002840678,0.9396096467971802
tlg2062,338_sample_75,1.7609654168287914,0.9786316156387329
tlg2062,272_sample_1,1.7610688259204228,0.8716768026351929
tlg2062,237_sample_7,1.7645278424024582,0.8107372522354126
tlg2062,338_sample_81,1.7651854207118352,0.909430742263794
tlg2062,206_sample_4,1.7667963604132335,1.0807466506958008
tlg2062,338_sample_112,1.7705849384268124,0.918957531452179
tlg2062,213_sample_22,1.772134467959404,1.1878000497817993
tlg2062,338_sample_91,1.772401159008344,0.9586498737335205
tlg2062,213_sample_28,1.7734869966904323,1.245069980621338
tlg2062,338_sample_101,1.7768799314896266,0.7696410417556763
tlg2062,421_sample_1,1.778272310892741,0.9979711771011353
tlg2062,338_sample_113,1.7786429226398468,1.0278346538543701
tlg2062,367_sample_1,1.7787735015153885,1.0430183410644531
tlg2062,279_sample_1,1.7806307226419449,1.0438084602355957
PC9,InNataleDominiNostri_sample_1,1.785680428147316,1.0171071290969849
tlg2062,311_sample_1,1.785680428147316,1.0171071290969849
tlg2062,338_sample_57,1.7860942259430885,0.8745002150535583
tlg2062,108_sample_1,1.7882687797149022,1.1718602180480957
tlg2062,338_sample_2,1.7921335349480312,1.156897783279419
tlg2062,432_sample_1,1.794750635822614,0.8615049123764038
tlg2062,209_sample_3,1.7958810677131016,0.9782034158706665
tlg2062,242_sample_1,1.8005625009536743,1.1865887641906738
PC20b,InParabolamDeFicu_sample_1,1.8005625009536743,1.1865887641906738
tlg2062,338_sample_144,1.8098260834813118,0.7549099326133728
tlg2062,338_sample_23,1.811855745812257,0.6418578028678894
tlg2062,125_sample_1,1.814202144742012,0.7696620225906372
tlg2062,237_sample_5,1.8177376687526703,1.1288471221923828
tlg2062,123_sample_4,1.818972756465276,1.072191834449768
tlg2062,337_sample_1,1.8209534486134846,1.147217869758606
tlg2062,338_sample_58,1.8217240869998932,1.157692790031433
tlg2062,338_sample_78,1.8231999576091766,0.9958939552307129
tlg2062,338_sample_99,1.8251836250225704,1.1165642738342285
tlg2062,338_sample_103,1.8277455642819405,0.8600299954414368
tlg2062,220_sample_1,1.827998052040736,1.2500735521316528
PC2,DeJoseph_sample_1,1.827998052040736,1.2500735521316528
tlg2062,338_sample_128,1.8311316917339961,1.1887751817703247
tlg2062,435_sample_1,1.8317964474360149,1.2952516078948975
tlg2062,209_sample_11,1.8348727226257324,0.9950721263885498
tlg2062,338_sample_54,1.8383329684535663,0.9366303086280823
tlg2062,338_sample_36,1.840096339583397,0.9339863061904907
tlg2062,290_sample_3,1.8422647590438526,0.761806309223175
tlg2062,213_sample_24,1.842429389556249,1.2701305150985718
tlg2062,207_sample_10,1.8431384613116581,1.0991541147232056
tlg2062,209_sample_5,1.8434780637423198,0.7792655229568481
tlg2062,269_sample_8,1.8457726885875065,1.0768569707870483
PC6,DePoenintentiaSermo1_sample_8,1.8457726885875065,1.0768569707870483
tlg2062,209_sample_2,1.847581759095192,1.1074340343475342
tlg2062,495_sample_1,1.851685533920924,1.4270888566970825
tlg2062,338_sample_114,1.853165787955125,0.94709712266922
tlg2062,338_sample_142,1.857611708343029,0.8688693642616272
tlg2062,213_sample_10,1.8630555619796116,1.1527011394500732
tlg2062,338_sample_138,1.8631766835848491,1.1495453119277954
tlg2062,207_sample_2,1.8669915621479352,0.8936462998390198
tlg2062,207_sample_16,1.868866262336572,0.8966743350028992
tlg2062,338_sample_90,1.8774472276369731,1.1173009872436523
PC6,DePoenintentiaSermo2_sample_2,1.879377489288648,1.1537361145019531
tlg2062,270_sample_2,1.879377489288648,1.1537361145019531
tlg2062,213_sample_29,1.880458225806554,1.0440130233764648
tlg2062,442_sample_1,1.8844478552540143,0.9426713585853577
tlg2062,338_sample_110,1.8890032072861989,1.1056782007217407
tlg2062,338_sample_149,1.892191231250763,0.9820324182510376
PC6,DePoenintentiaSermo1_sample_5,1.8998693873484929,1.1996225118637085
tlg2062,269_sample_5,1.8998693873484929,1.1996225118637085
tlg2062,266_sample_1,1.9083590134978294,0.9911754727363586
PC4,InPaschaSermones7_sample_1,1.9083590134978294,0.9911754727363586
tlg2062,338_sample_77,1.9092657963434856,1.0456979274749756
tlg2062,249_sample_2,1.909826174378395,1.2799568176269531
tlg2062,209_sample_8,1.919449230035146,1.2162750959396362
tlg2062,262_sample_1,1.9207560618718464,1.151484727859497
PC4,InPaschaSermones3_sample_1,1.9207560618718464,1.151484727859497
tlg2062,338_sample_45,1.921596181889375,0.6912313103675842
tlg2062,338_sample_126,1.923199787735939,1.015756607055664
tlg2062,338_sample_52,1.9236711611350377,1.2343111038208008
tlg2062,256_sample_1,1.9238768244783084,0.8834652304649353
tlg2062,338_sample_152,1.9243954842289288,0.9913234114646912
tlg2062,338_sample_150,1.9248577430844307,0.8378776907920837
tlg2062,286_sample_1,1.9271040111780167,1.2749539613723755
tlg2062,338_sample_39,1.9318269491195679,1.0743962526321411
tlg2062,206_sample_1,1.9337678203980129,1.2159719467163086
tlg2062,104_sample_1,1.9347270528475444,1.0201925039291382
tlg2062,338_sample_9,1.9359385867913563,1.1447649002075195
tlg2062,338_sample_35,1.9364630530277889,1.1426650285720825
tlg2062,206_sample_5,1.9420928359031677,1.2900002002716064
tlg2062,111_sample_1,1.9440192505717278,0.9020852446556091
tlg2062,338_sample_38,1.9453420986731846,1.0055608749389648
tlg2062,338_sample_146,1.9526563882827759,1.2729283571243286
tlg2062,206_sample_8,1.9541016121705372,1.1409416198730469
tlg2062,338_sample_33,1.9545484632253647,1.013729214668274
tlg2062,120_sample_1,1.9549762060244877,0.9407713413238525
tlg2062,209_sample_10,1.9613005816936493,1.2809174060821533
tlg2062,338_sample_107,1.9689021011193593,0.9816526174545288
tlg2062,338_sample_93,1.9698874553044636,1.18289315700531
tlg2062,338_sample_97,1.9734995067119598,1.217750906944275
PC17,DeEleemosyna_sample_1,1.97604451328516,0.8716768026351929
tlg2062,338_sample_115,1.9773471852143605,1.2236719131469727
tlg2062,338_sample_145,1.9832117209831874,0.9357010126113892
PC7,DeIeiunoSermo3_sample_4,1.9833898395299911,1.252851128578186
tlg2062,205_sample_2,1.9899544765551884,1.2118161916732788
tlg2062,288_sample_1,1.990263784925143,1.445953607559204
tlg2062,213_sample_5,1.9968838791052501,1.1901406049728394
tlg2062,338_sample_69,1.9973271985848744,1.0967875719070435
tlg2062,244_sample_1,1.998683402935664,1.1130484342575073
tlg2062,338_sample_88,2.00144944836696,0.9910559058189392
tlg2062,265_sample_4,2.002610668540001,1.3885895013809204
PC4,InPaschaSermones6_sample_4,2.002610668540001,1.3885895013809204
tlg2062,338_sample_67,2.002894625067711,1.0625156164169312
PC4,InPaschaSermones7_sample_3,2.0048478643099465,1.0307109355926514
tlg2062,266_sample_3,2.0048478643099465,1.0307109355926514
tlg2062,338_sample_151,2.006238669157028,1.2864466905593872
tlg2062,302_sample_1,2.011574223637581,0.9549767971038818
PC4,InPaschaSermones6_sample_2,2.0192105720440545,1.4544659852981567
tlg2062,265_sample_2,2.0192105720440545,1.4544659852981567
PC20,InIlludCredidiPropterQuodLocutusSum_sample_1,2.019962320725123,1.2382054328918457
tlg2062,443_sample_1,2.019962320725123,1.2382054328918457
tlg2062,338_sample_4,2.023909111817678,1.1742489337921143
tlg2062,206_sample_13,2.024074780444304,0.9432962536811829
tlg2062,237_sample_6,2.026253715157509,1.2014282941818237
tlg2062,273_sample_5,2.0362013578414917,1.1646227836608887
tlg2062,209_sample_16,2.038868616024653,1.2730205059051514
tlg2062,338_sample_134,2.0394177238146463,1.015933632850647
tlg2062,217_sample_1,2.040262962381045,1.3291186094284058
tlg2062,231_sample_2,2.042131632566452,1.2920396327972412
PC18,InParabolamDeFilioProdigo_sample_2,2.042131632566452,1.2920396327972412
tlg2062,123_sample_2,2.0446108480294547,1.0650262832641602
tlg2062,421_sample_2,2.0621058146158853,1.1434738636016846
tlg2062,207_sample_12,2.071260708073775,0.9777372479438782
tlg2062,213_sample_6,2.072688822944959,1.2956335544586182
PC7,DeIeiunoSermo2_sample_4,2.0816859354575477,1.2045423984527588
tlg2062,432_sample_3,2.0893819530804953,1.1138168573379517
tlg2062,338_sample_66,2.090855265657107,1.2324432134628296
tlg2062,105_sample_1,2.0972815603017807,1.0604283809661865
tlg2062,307_sample_1,2.1004721174637475,1.1073309183120728
tlg2062,338_sample_132,2.100954550007979,0.9773164391517639
tlg2062,217_sample_4,2.102635328968366,1.033860206604004
tlg2062,206_sample_12,2.1065767059723535,1.0673024654388428
tlg2062,338_sample_121,2.112528627117475,1.0371968746185303
tlg2062,207_sample_13,2.117333024740219,1.0376689434051514
tlg2062,338_sample_94,2.11897349357605,1.0513077974319458
tlg2062,338_sample_122,2.1256992171208062,1.1559147834777832
tlg2062,338_sample_61,2.127332128584385,0.7365639805793762
tlg2062,338_sample_60,2.130820964773496,1.3478012084960938
tlg2062,338_sample_116,2.1378581573565802,1.4018269777297974
tlg2062,338_sample_47,2.146017129222552,0.7495660781860352
tlg2062,338_sample_65,2.1493351260821023,1.1600421667099
PC10,DePrecatione1_sample_1,2.1506265501181283,1.3772773742675781
tlg2062,130_sample_1,2.1506265501181283,1.3772773742675781
tlg2062,338_sample_25,2.161789228518804,1.17786705493927
tlg2062,338_sample_21,2.1688284079233804,1.2303060293197632
tlg2062,238_sample_1,2.170509179433187,1.2869691848754883
tlg2062,323_sample_1,2.173988456527392,1.4179925918579102
PC15,IgnemVeniMittere_sample_1,2.173988456527392,1.4179925918579102
tlg2062,338_sample_24,2.1772036949793496,0.935814380645752
tlg2062,209_sample_7,2.177704523007075,1.1273913383483887
tlg2062,338_sample_98,2.1788418889045715,1.3476929664611816
tlg2062,338_sample_76,2.179766515890757,1.13532555103302
tlg2062,224_sample_1,2.1842942436536155,1.3343430757522583
PC20b,InDecollationemSIoannis_sample_1,2.1842942436536155,1.3343430757522583
tlg2062,436_sample_1,2.189449096719424,1.4793977737426758
tlg2062,280_sample_1,2.191020200649897,1.2604000568389893
tlg2062,237_sample_1,2.2037943055232367,1.260237693786621
tlg2062,138_sample_1,2.2049151907364526,1.1153106689453125
PC7,DeIeiunoSermo6_sample_1,2.205237423380216,1.2397140264511108
tlg2062,213_sample_12,2.206916312376658,1.072588324546814
tlg2062,265_sample_3,2.2208613008260727,1.4255186319351196
PC4,InPaschaSermones6_sample_3,2.2208613008260727,1.4255186319351196
tlg2062,239_sample_1,2.228524928291639,1.1554065942764282
PC17,InIlludAttendideNeEleemosynam_sample_1,2.228524928291639,1.1554065942764282
tlg2062,213_sample_25,2.2357370803753533,1.3986750841140747
tlg2062,324_sample_1,2.2407173862059913,1.1965538263320923
tlg2062,494_sample_1,2.260420093933741,1.2839815616607666
tlg2062,213_sample_1,2.26070145269235,1.3823753595352173
PC7,DeIeiunoSermo3_sample_3,2.262929454445839,1.0455011129379272
tlg2062,275_sample_2,2.289359450340271,1.6002929210662842
PC8,DePatientiaSermo2_sample_2,2.289359450340271,1.6002929210662842
PC4,InPaschaSermones6_sample_5,2.2937701443831124,1.4042754173278809
tlg2062,265_sample_5,2.2937701443831124,1.4042754173278809
tlg2062,017_sample_1,2.3027366201082864,1.3230116367340088
PC7,DeIeiunoSermo4_sample_2,2.3122204144795737,1.0985705852508545
tlg2062,338_sample_133,2.3138489772876105,1.068737506866455
tlg2062,213_sample_8,2.3247618277867637,1.361382246017456
tlg2062,338_sample_12,2.3289304922024407,1.4618372917175293
tlg2062,338_sample_102,2.3317359536886215,1.4185832738876343
tlg2062,338_sample_29,2.451171353459358,1.052557110786438
tlg2062,338_sample_31,2.4776954700549445,1.5786272287368774
tlg2062,213_sample_9,2.4785285542408624,1.6155400276184082
tlg2062,123_sample_3,2.500137517849604,1.5657480955123901
tlg2062,313_sample_1,2.5068687150875726,1.8664448261260986
PC9,InCenturionem_sample_1,2.5068687150875726,1.8664448261260986
PC4,InPaschaSermones5_sample_1,2.5083644141753516,1.489653468132019
tlg2062,264_sample_1,2.5083644141753516,1.489653468132019
tlg2062,266_sample_4,2.5109665244817734,1.3785403966903687
PC4,InPaschaSermones7_sample_4,2.5109665244817734,1.3785403966903687
tlg2062,351_sample_1,2.515636131167412,1.585931420326233
tlg2062,346_sample_1,2.5233551462491355,1.464956283569336
tlg2062,338_sample_118,2.5366099923849106,1.6227352619171143
PC7,DeIeiunoSermo5_sample_2,2.5546547720829644,1.4050079584121704
PC2,DeSusanna_sample_1,2.561629747351011,1.454529047012329
tlg2062,221_sample_1,2.561629747351011,1.454529047012329
tlg2062,338_sample_87,2.5892897248268127,1.1290321350097656
tlg2062,117_sample_1,2.605298931399981,1.2916654348373413
tlg2062,213_sample_30,2.6291973094145455,1.7436000108718872
tlg2062,338_sample_125,2.6900109201669693,1.4466813802719116
tlg2062,284_sample_1,2.6955658296744027,1.5932958126068115
PC20b,DeNonJudicandoProximo_sample_1,2.6955658296744027,1.5932958126068115
tlg2062,209_sample_6,2.795008028546969,1.7987133264541626
tlg2062,338_sample_41,2.8189436346292496,1.631728172302246
tlg2062,130_sample_2,2.833810493350029,1.6704198122024536
tlg2062,197_sample_1,2.9121807565291724,1.544878363609314
tlg2062,432_sample_2,2.9841066847244897,1.6722031831741333
PC4,InPaschaSermones1_sample_1,3.040430689851443,1.5632480382919312
tlg2062,260_sample_1,3.040430689851443,1.5632480382919312
tlg2062,206_sample_2,4.145963400602341,2.6461246013641357
